Nombre Producto,Nombre Generico,Nombre Ingles,Codigo,Talla,Sexo,Tipo,Categoria,Precio,Modelo,Marca
Pantimedia Dorian Grey Daling Plus,,,,S,,,Media,,,Dorian Grey
Patimedia ,,,,,,,,,,
Faja Sacro-Lumbar,Faja Sacrolumbar,Sacro Lumbar Support,11200,S,Unisex,Faja ,Rehabilitación, $908.00 ,BK-047,Super Confort
Rodillera Mecanica con soporte Laterales  (Abierta),Rodillera Mecanica,Hinge Knnee Brace,11396,M,Unisex,Rodillera,Rehabilitación, $710.00 ,KN-055,Super Confort
Rodillera Mecanica con soporte Laterales  (Abierta),Rodillera Mecanica,Hinge Knnee Brace,11396,S,Unisex,Rodillera,Rehabilitación, $710.00 ,KN-056,Super Confort
Rodillera Mecanica Abierta,Rodillera Mecanica,Hinge Knnee Brace,12010,S/M,Unisex,Rodillera,Rehabilitación, $588.00 ,SQ1-L024,Senteq
Rodillera Mecanica Abierta,Rodillera Mecanica,Hinge Knnee Brace,12023,L/XL,Unisex,Rodillera,Rehabilitación, $554.00 ,SQ1-L025,Senteq
Soporte para rodilla y Rotula,Rodillera Ajustable,Patella Knee support,9819,S,Unisex,Rodillera,Rehabilitación, $361.00 ,AW203,Wilson
Soporte para rodilla y Ligamentos,Rodillera rodilla y ligamenntos,Knee support for kee and ligaments,9828,L,Unisex,Rodillera,Rehabilitación, $577.00 ,AW205,Wilson
Soporte para rodilla y Rotula,Rodillera ajustable,Patella Knee support,9821,L,Unisex,Rodillera,Rehabilitación, $324.00 ,AW203,Wilson
Soporte para rodilla y Rotula,Rodillera ajustable,Patella Knee support,9821,S,Unisex,Rodillera,Rehabilitación, $325.00 ,AW204,Wilson
Faja Inguinal,Faja Inguinal,Hernia Belt,11402,L,Caballero,Faja ,Rehabilitación, $680.50 ,A-16,Tynor
Faja Inguinal,Faja Inguinal,Hernia Belt,11402,M,Caballero,Faja ,Rehabilitación, $631.00 ,A-16,Tynor
Faja Inguinal,Faja Inguinal,Hernia Belt,11402,L,Caballero,Faja ,Rehabilitación, $680.00 ,A-16,Tynor
Faja Inguinal,Faja Inguinal,Hernia Belt,11402,XL,Caballero,Faja ,Rehabilitación, $631.00 ,A-16,Tynor
Braguero para Heria Inguial,Braguero Inguinal,Hernia Belt,4797,S,Caballero,Faja ,Rehabilitación, $549.00 ,F,Innovación Ortopedica
Cinturon Costal,Cinturon Costal,,9897,A,Unisex,Faja ,Rehabilitación, $335.00 ,F,Innovación Ortopedica
Cinturon Costal,Cinturon Costal,,9897,A,Unisex,Faja ,Rehabilitación, $335.00 ,F,Innovación Ortopedica
Cinturon Costal,Cinturon Costal,,9897/9720,A,Unisex,Faja ,Rehabilitación, $335.00 ,F,Innovación Ortopedica
Cinturon Costal,Cinturon Costal,,9897/9720,A,Unisex,Faja ,Rehabilitación, $335.00 ,F,Innovación Ortopedica
Cinturon Costal,Cinturon Costal,,9897,A,Unisex,Faja ,Rehabilitación, $335.00 ,F,Innovación Ortopedica
Cinturon Costal,Cinturon Costal,,9897,A,Unisex,Faja ,Rehabilitación, $335.00 ,F,Innovación Ortopedica
Cinturon Costal,Cinturon Costal,,9897/9720,A,Unisex,Faja ,Rehabilitación, $335.00 ,F,Innovación Ortopedica
Faja Inguial,Faja Inguinal,Groin Hernia Belt,11207,XL,Unisex,Faja ,Rehabilitación, $456.00 ,BK-070,Super Confort
Faja Inguial,Faja Inguinal,Groin Hernia Belt,11207,S,Unisex,Faja ,Rehabilitación, $456.00 ,BK-070,Super Confort
Faja Inguial,Faja Inguinal,Groin Hernia Belt,11205,M,Unisex,Faja ,Rehabilitación, $485.00 ,BK-070,Super Confort
Faja Inguial,Faja Inguinal,Groin Hernia Belt,11206,L,Unisex,Faja ,Rehabilitación, $456.00 ,BK-070,Super Confort
Soporte de clavicula y corrector de postura con dos paneles,Soporte clavicula,Clavicle Brace With 2 PE plates,11932,S,Unisex,Soporte,Rehabilitación, $572.50 ,PWR-01-1150,Benesta Ortopedics
Soporte de clavicula y corrector de postura con dos paneles,Soporte clavicula,Clavicle Brace With 2 PE plates,11932,S,Unisex,Soporte,Rehabilitación, $572.50 ,PWR-01-1150,Benesta Ortopedics
Soporte de clavicula y corrector de postura con dos paneles,Soporte clavicula,Clavicle Brace With 2 PE plates,11933,M,Unisex,Soporte,Rehabilitación, $572.50 ,PWR-01-1117,Benesta Ortopedics
Soporte Escrotal,Soporte Escrotal,Support Scrotal,11232,XL,Caballero,Faja/Soporte,Rehabilitación, $441.00 ,1N,Tynor
Faja Inguinal con calzón,Faja Inguinal con calzón,Hernia Brief,7920,L,Caballero,Faja/Soporte,Rehabilitación," $1,227.00 ",F,Daonsa
Faja Inguinal con calzón,Faja Inguinal con calzón,Hernia Brief,7919,M,Caballero,Faja/Soporte,Rehabilitación," $1,227.00 ",F,Daonsa
Corrector de postura Elastica,Corrector de postura,,11875,M,Unisex,Soporte,Rehabilitación, $332.50 ,SQ1-B001,Senteq
Corrector de postura Elastica,Corrector de postura,,11875,M,Unisex,Soporte,Rehabilitación, $332.50 ,SQ1-B001,Senteq
Corrector de postura Elastica,Corrector de postura,,11875,M,Unisex,Soporte,Rehabilitación, $332.50 ,SQ1-B001,Senteq
Suspensorio con copa,Suspensorio con copa,,11964,S,Caballero,Suspensorio,Rehabilitación, $303.00 ,SQ3-H004,Senteq
Suspensorio con copa,Suspensorio con copa,,11964,M,Caballero,Suspensorio,Rehabilitación, $303.00 ,SQ3-H004,Senteq
Suspensorio con copa,Suspensorio con copa,,11964,M,Caballero,Suspensorio,Rehabilitación, $303.00 ,SQ3-H004,Senteq
Suspensorio con copa,Suspensorio con copa,,11964,L,Caballero,Suspensorio,Rehabilitación, $303.00 ,SQ3-H004,Senteq
Soporte Clavicula con cinta de sujección,Soporte clavicula velcro,Clavicle Brace with Fastering Tape,11404,S,Unisex,Soporte,Rehabilitación, $578.00 ,C-05,Tynor
Soporte Clavicula con cinta de sujección,Soporte clavicula velcro,Clavicle Brace with Fastering Tape,11404,M,Unisex,Soporte,Rehabilitación, $578.00 ,C-05,Tynor
Soporte Clavicula con cinta de sujección,Soporte clavicula velcro,Clavicle Brace with Fastering Tape,11404,G,Unisex,Soporte,Rehabilitación, $578.00 ,C-05,Tynor
Suspensorio,Suspensorio,Athletic Supporter,,S,Caballero,Suspensorio,Rehabilitación,,310,Daonsa
Suspensorio,Suspensorio,Athletic Supporter,,M,Caballero,Suspensorio,Rehabilitación,,310,Daonsa
Corrector de postura,Corrector de postura,Posture corrector,12142,S,Unisex,Soporte,Rehabilitación, $305.00 ,MD-1200,Mr. Doctor
Corrector de postura,Corrector de postura,Posture corrector,12142,M,Unisex,Soporte,Rehabilitación, $305.00 ,MD-1200,Mr. Doctor
Corrector de postura/Soporte de Clavicula,Corrector de postura,Posture corrector/Clavicle Brace,12143,A,Unisex,Soporte,Rehabilitación, $354.00 ,MD-1201,Mr. Doctor
Muslera de neopreno Abierta,Muslera Universal,Neoprene thigh supports,11392,A,Unisex,Muslera,Deportivo, $297.00 ,TH-003 ?,Super Confort
Muslera de neopreno,Muslera de Neopreno,Neoprene thigh support,11352,S,Unisex,Muslera,Deportivo, $188.00 ,TH-003,Super Confort
Muslera de neopreno,Muslera de Neopreno,Neoprene thigh support,11352,M,Unisex,Muslera,Deportivo, $216.00 ,TH-003,Super Confort
Muslera de neopreno,Muslera de Neopreno,Neoprene thigh support,11352,L,Unisex,Muslera,Deportivo, $216.00 ,TH-003,Super Confort
Muslera de neopreno,Muslera de Neopreno,Neoprene thigh support,11352,XL,Unisex,Muslera,Deportivo, $216.00 ,TH-003,Super Confort
Rodillera para ligamento cruzado ,Rodillera para ligamento cruzado ,Stabilizing Knee Brace,11960,M,Unisex,Rodillera,Rehabilitación, $591.00 ,KN-027,Super Confort
Correa Reforzada para Clavicula,Correa Reforzada para Clavicula,,,A,Unisex,Soporte,Rehabilitación,,F,Innovación Ortopedica
Correa Reforzada para Clavicula,Correa Reforzada para Clavicula,,,A,Unisex,Soporte,Rehabilitación,,F,Innovación Ortopedica
Rodillera Corta Universal,Rodillera Corta,Short Knee Brace,11220,A,Unisex,Rodillera,Rehabilitación, $358.00 ,KN-015,Super Confort
Rodillera Corta Universal,Rodillera Corta,Short Knee Brace,11220,A,Unisex,Rodillera,Rehabilitación, $358.00 ,KN-015,Super Confort
Rodillera Corta Universal,Rodillera Corta,Short Knee Brace,11220,A,Unisex,Rodillera,Rehabilitación, $358.00 ,KN-015,Super Confort
Rodillera Corta Universal,Rodillera Corta,Short Knee Brace,11220,A,Unisex,Rodillera,Rehabilitación, $358.00 ,KN-015,Super Confort
Rodillera Corta Universal,Rodillera Corta,Short Knee Brace,11220,A,Unisex,Rodillera,Rehabilitación, $358.00 ,KN-015,Super Confort
Soporte clavicula con cinta de sujeción,Soporte Clavicula Velcro,Clavicle Brace with Fastening Tape,12144,A,Pediatrico,Soporte,Rehabilitación, $392.00 ,F,Tynor
Soporte clavicula con hebilla,Soporte Clavicula Hebilla,Clavicle Brace with Chukle,11403,A,Pediatrico,Soporte,Rehabilitación, $578.00 ,F,Tynor
Compresa Frio/Caliente de Gel 53x30cm,Compresa de Gel,Gel Pad Cold/Heat 53x30 cm,11954,A,NA,Compresa,Compresa, F ,NV,medStar
Compresa de Gel Frio/Caliente,Compresa de Gel,Hot/Cold Pack,11346,A,NA,Compresa,Compresa, $221.00 ,NV,Super Confort
Compresa de Gel Frio/Caliente,Compresa de Gel,Hot/Cold Pack,11346,A,NA,Compresa,Compresa, $221.00 ,NV,Super Confort
Compresa de Gel Frio/Caliente,Compresa de Gel,Hot/Cold Pack,11346,A,NA,Compresa,Compresa, $221.00 ,NV,Super Confort
Rodillera Cerrada de Neopreno,Rodillera Cerrada,Standdard Knee Sleeve,5011,S,Unisex,Rodillera,Rehabilitación, $400.00 ,NV,Active Support
Rodillera Cerrada de Neopreno,Rodillera Cerrada,Standdard Knee Sleeve,5011,S,Unisex,Rodillera,Rehabilitación, $400.00 ,NV,Active Support
Rodillera/Manga para Rodilla abierta,Rodillera Larga,Knee Brace,11351,A,Unisex,Rodillera,Rehabilitación, $346.00 ,KN-014,Super Confort
Rodillera/Manga para Rodilla abierta,Rodillera Larga,Knee Brace,11351,A,Unisex,Rodillera,Rehabilitación, $346.00 ,KN-014,Super Confort
Tobillera/Ferula de gel envolvente,Tobillera de Gel,Surround Gel Ankle,,A,Unisex,Tobillera,Rehabilitación,,,Donjoy
Tobillera/Ferula de gel envolvente,Tobillera de Gel,Surround Gel Ankle,,A,Unisex,Tobillera,Rehabilitación,,,Donjoy
Rodillera con ajuste en 8,Rodillera en 8,Knee brace with 8-point adjustment,12084,S,Unisex,Rodillera,Deportivo, $195.00 ,KN-009,Super Confort
Rodillera con ajuste en 8,Rodillera en 8,Knee brace with 8-point adjustment,12084,M,Unisex,Rodillera,Deportivo, $203.00 ,KN-009,Super Confort
Rodillera con ajuste en 8,Rodillera en 8,Knee brace with 8-point adjustment,12084,L,Unisex,Rodillera,Deportivo, $203.00 ,KN-009,Super Confort
Rodillera Elástica,Rodillera Elastica,Elastic Knee support,11631,S,Unisex,Rodillera,Deportivo, $152.00 ,KN-002,Super Confort
Rodillera Elástica,Rodillera Elastica,Elastic Knee support,11631,S,Unisex,Rodillera,Deportivo, $152.00 ,KN-002,Super Confort
Rodillera Elástica,Rodillera Elastica,Elastic Knee support,11631,M,Unisex,Rodillera,Deportivo, $152.00 ,KN-002,Super Confort
Rodillera Elástica,Rodillera Elastica,Elastic Knee support,11631,L,Unisex,Rodillera,Deportivo, $152.00 ,KN-002,Super Confort
Rodillera Elástica,Rodillera Elastica,Elastic Knee support,11631,L,Unisex,Rodillera,Deportivo, $152.00 ,KN-002,Super Confort
Rodillera Elástica,Rodillera Elastica,Elastic Knee support,11631,L,Unisex,Rodillera,Deportivo, $152.00 ,KN-002,Super Confort
Tobillera/Ferula de gel envolvente,Tobillera de Gel,Surround Gel Ankle,,A,Unisex,Tobillera,Rehabilitación,,,Donjoy
Tobillera/Ferula de gel envolvente,Tobillera de Gel,Surround Gel Ankle,,A,Unisex,Tobillera,Rehabilitación,,,Donjoy
Rodillera Corta Universal,Rodillera Corta,Short Knee Brace,11220,A,Unisex,Rodillera,Deportivo, $358.00 ,KN-015,Super Confort
Rodillera Corta Universal,Rodillera Corta,Short Knee Brace,11220,A,Unisex,Rodillera,Deportivo, $358.00 ,KN-015,Super Confort
Compresa de Gel Frio/Caliente 17x15cm,Compresa de Gel,Gel Pad Cold/Heat  17x15cm,11953,A,NA,Compresa,Compresa, $180.00 ,WPK-M,medStar
Compresa de Gel Frio/Caliente 17x15cm,Compresa de Gel,Gel Pad Cold/Heat  17x15cm,11953,A,NA,Compresa,Compresa, $180.00 ,WPK-M,medStar
Compresa de Gel Frio/Caliente 17x15cm,Compresa de Gel,Gel Pad Cold/Heat  17x15cm,11953,A,NA,Compresa,Compresa, $180.00 ,WPK-M,medStar
Compresa de Gel Frio/Caliente 17x15cm,Compresa de Gel,Gel Pad Cold/Heat  17x15cm,11953,A,NA,Compresa,Compresa, $180.00 ,WPK-M,medStar
Compresa Antifaz,Compresa Antifaz,Gel Pad Cold/Heat  Eye Mask,11955,A,NA,Compresa,Compresa, $180.00 ,WPK-M,medStar
Regatón de 5/8 Para Baston Aleman,Regatón de 5/8 Para Baston Aleman,Rubber Tip for Cane – 5/8 inch (Fits German Canes),11287,NA,NA,Regatón,Bastón, $37.00 ,,ReActiv
Regatón de 5/8 Para Baston Aleman,Regatón de 5/8 Para Baston Aleman,Rubber Tip for Cane – 5/8 inch (Fits German Canes),11287,NA,NA,Regatón,Bastón, $37.00 ,,ReActiv
Regatón de 5/8 Para Baston Aleman,Regatón de 5/8 Para Baston Aleman,Rubber Tip for Cane – 5/8 inch (Fits German Canes),11287,NA,NA,Regatón,Bastón, $37.00 ,,ReActiv
Regatón de 5/8 Para Baston Aleman,Regatón de 5/8 Para Baston Aleman,Rubber Tip for Cane – 5/8 inch (Fits German Canes),11287,NA,NA,Regatón,Bastón, $37.00 ,,ReActiv
Regatón de 5/8 Para Baston Aleman,Regatón de 5/8 Para Baston Aleman,Rubber Tip for Cane – 5/8 inch (Fits German Canes),11287,NA,NA,Regatón,Bastón, $37.00 ,,ReActiv
Anillo Subrotulano,Anillo Sunrotulano,Knee Strap,11390,A,Unisex,Rodillera,Deportivo, $227.00 ,KN-017,Super Confort
Pantorrilera de Bambu,Soporte Pantorrilla Bambu,Bamboo Calf Support,11296,S,Unisex,Muslera,Rehabilitación, $196.00 ,BM-005,Super Confort
Pantorrilera de Bambu,Soporte Pantorrilla Bambu,Bamboo Calf Support,11296,M,Unisex,Muslera,Rehabilitación, $196.00 ,BM-005,Super Confort
Pantorrilera de Bambu,Soporte Pantorrilla Bambu,Bamboo Calf Support,11296,XL,Unisex,Muslera,Rehabilitación, $196.00 ,BM-005,Super Confort
Soporte para Pantorilla,Soporte para Pantorilla,Calf Support,11811,L,Unisex,Muslera,Rehabilitación, $176.00 ,A8-001,MSO Orthopedics
Soporte para Pantorilla,Soporte para Pantorilla,Calf Support,11811,XLL,Unisex,Muslera,Rehabilitación, $176.00 ,A8-001,MSO Orthopedics
Rodillera Air Pro (Alto Rendimiento),Rodillera Elastica,Knee Cap Air Pro,1226,L,Unisex,Rodillera,Deportivo,,102,Tynor
Medias de Compresión Deportiva 18-23 mmHg,Pantorrillera Deportiva,Sport compresson Socks 18-23 mmHg,12126,M,Unisex,Muslera,Deportivo, $345.50 ,,MediVaric
Medias de Compresión Deportiva 18-23 mmHg,Pantorrillera Deportiva,Sport compresson Socks 18-23 mmHg,12127,L,Unisex,Muslera,Deportivo, $345.50 ,,MediVaric
Medias de Compresión Deportiva 18-23 mmHg,Pantorrillera Deportiva,Sport compresson Socks 18-23 mmHg,12126,S,Unisex,Muslera,Deportivo, $345.50 ,,MediVaric
Rodillera Bamboo,Rodillera Bamboo,Bamboo Knee Support,11210,L,Unisex,Rodillera,Rehabilitación, $235.50 ,BM-004,Super Confort
Rodillera Bamboo,Rodillera Bamboo,Bamboo Knee Support,11210,L,Unisex,Rodillera,Rehabilitación, $235.50 ,BM-004,Super Confort
Rodillera Bamboo,Rodillera Bamboo,Bamboo Knee Support,11208,S,Unisex,Rodillera,Rehabilitación, $235.50 ,BM-004,Super Confort
Rodillera Bamboo,Rodillera Bamboo,Bamboo Knee Support,11208,S,Unisex,Rodillera,Rehabilitación, $235.50 ,BM-004,Super Confort
Rodillera Bamboo,Rodillera Bamboo,Bamboo Knee Support,11208,S,Unisex,Rodillera,Rehabilitación, $235.50 ,BM-004,Super Confort
Rodillera Bamboo,Rodillera Bamboo,Bamboo Knee Support,11209,M,Unisex,Rodillera,Rehabilitación, $235.50 ,BM-004,Super Confort
Rodillera Bamboo,Rodillera Bamboo,Bamboo Knee Support,11210,L,Unisex,Rodillera,Rehabilitación, $235.50 ,BM-004,Super Confort
Tobillera en Banda,Soporte para tobillo,Ankle Compression Band,,A,Unisex,Tobillera,Rehabilitación,,SQ1-F003,Senteq
Tobillera en Banda,Soporte para tobillo,Ankle Compression Band,,A,Unisex,Tobillera,Rehabilitación,,SQ1-F003,Senteq
Tobillera en Banda,Soporte para tobillo,Ankle Compression Band,,A,Unisex,Tobillera,Rehabilitación,,SQ1-F003,Senteq
Tobillera Ajustable,Tobillera Ajustable,Adjustable Ankle Support,,A,Unisex,Tobillera,Rehabilitación,,,Medway
Tobillera Bamboo,Tobillera Bamboo,Bamboo Ankle Support,11345,S,Unisex,Tobillera,Rehabilitación, $208.00 ,B-006,Super Confort
Tobillera Bamboo,Tobillera Bamboo,Bamboo Ankle Support,11345,M,Unisex,Tobillera,Rehabilitación, $208.00 ,B-006,Super Confort
Tobillera Bamboo,Tobillera Bamboo,Bamboo Ankle Support,11345,M,Unisex,Tobillera,Rehabilitación, $208.00 ,B-006,Super Confort
Tobillera Bamboo,Tobillera Bamboo,Bamboo Ankle Support,11345,L,Unisex,Tobillera,Rehabilitación, $208.00 ,B-006,Super Confort
Tobillera Bamboo,Tobillera Bamboo,Bamboo Ankle Support,11345,L,Unisex,Tobillera,Rehabilitación, $208.00 ,B-006,Super Confort
Tobillera Bamboo,Tobillera Bamboo,Bamboo Ankle Support,11078,XL,Unisex,Tobillera,Rehabilitación, $208.00 ,B-006,Super Confort
Tobillera Bamboo,Tobillera Bamboo,Bamboo Ankle Support,11078,XL,Unisex,Tobillera,Rehabilitación, $158.00 ,B-006,Super Confort
Rodillera Varilla Flexible,Rodillera,Stabilizing Knee Brace,11554,A,Unisex,Rodillera,Rehabilitación, $445.00 ,KN-022,Super Confort
Rodillera Varilla Flexible,Rodillera,Stabilizing Knee Brace,11554,A,Unisex,Rodillera,Rehabilitación, $445.00 ,KN-022,Super Confort
Rodillera Varilla Flexible,Rodillera,Stabilizing Knee Brace,11554,A,Unisex,Rodillera,Rehabilitación, $445.00 ,KN-022,Super Confort
Soporte Rodilla Acolchada,Rodillera Acolchada,Knee Support,10874,S,Unisex,Rodillera,Rehabilitación, $918.00 ,2920,AccuTex
Tobillera en 8 ,Tobillera tipo 8,Ankle Support 8 Shape,11540,M,Unisex,Tobillera,Rehabilitación, $218.00 ,AK-004,Super Confort
Soporte Tobillo Neopreno ,Tobillera Neopreno,Neoprene Ankle Support,6945,XL,Unisex,Tobillera,Rehabilitación, $310.00 ,NA,MEDI PAD
Soporte Tobillo Neopreno Grande,Tobillera Neopreno,Neoprene Ankle Support,6944,L,Unisex,Tobillera,Rehabilitación, $310.00 ,NA,MEDI PAD
Media Deportiva con Cobre,Media Compresión,Copper Sport Socks,F,M,Unisex,Media,Rehabilitación, F ,SPORT,MediVaric
Media Unisex Deportiva con Hilado de Cobre,Media Compresión,Copper Sport Socks,F,M,Unisex,Media,Rehabilitación, F ,SPORT,MediVaric
Media Unisex Deportiva con Hilado de Cobre,Media Compresión,Copper Sport Socks,F,M,Unisex,Media,Rehabilitación, F ,SPORT,MediVaric
Media Unisex Deportiva con Hilado de Cobre,Media Compresión,Copper Sport Socks,F,M,Unisex,Media,Rehabilitación, F ,SPORT,MediVaric
Media Unisex Deportiva con Hilado de Cobre,Media Compresión,Copper Sport Socks,NA,S,Unisex,Media,Rehabilitación, F ,SPORT,MediVaric
Medias para pie Sensible con cobre,Media Compresión,Sensitive Feet Socks Copper,NA,,Unisex,Media,Rehabilitación, F ,SPORT,MediVaric
Media Unisex Deportiva con Hilado de Cobre,Media Compresión,Copper Sport Socks,F,S,Unisex,Media,Rehabilitación, F ,SPORT,MediVaric
Anillo subrotuliano,Anillo subrotuliano,Knee Strap,11390,A,Unisex,Rodillera,Deportivo,$227.50,KN-017,Super Confort
Anillo subrotuliano,Anillo subrotuliano,Knee Strap,11390,A,Unisex,Rodillera,Deportivo,$227.50,KN-017,Super Confort
Anillo subrotuliano con gel,Anillo subrotuliano con gel,Patella Strap,F,A,Unisex,Rodillera,Deportivo,F,F,Daosport
Anillo subrotuliano con gel,Anillo subrotuliano con gel,Patella Strap,F,A,Unisex,Rodillera,Deportivo,F,F,Daosport
Soporte de Pecho,Soporte para pecho mediano,Chest Support,12070,M,Unisex,Faja,Rehabilitación,$554.00,F,Medway
Soporte de Pecho,Soporte para pecho grande,Chest Support,12070,G,Unisex,Faja,Rehabilitación,$554.00,F,Medway
Tobillera elástica,Tobillera elástica,Elastic Ankle Support,4254,XL,Unisex,Tobillera,Deportivo, $147.00 ,EAS 202,Active Support
Tobillera corta,Tobillera corta de neopreno,Short Ankle,5324,XL,Unisex,Tobillera,Deportivo, $206.00 ,NAS 201,Active Support
Tobillera corta,Tobillera corta de neopreno,Short Ankle,5324,XL,Unisex,Tobillera,Deportivo, $206.00 ,NAS 201,Active Support
Tobillera elástica,Tobillera elástica,Elastic Ankle Support,4254,XL,Unisex,Tobillera,Deportivo, $147.00 ,EAS 202,Active Support
Tobillera corta,Tobillera corta de neopreno,Short Ankle,5324,XL,Unisex,Tobillera,Deportivo, $206.00 ,NAS 201,Active Support
Tobillera corta,Tobillera corta de neopreno,Short Ankle,5324,XL,Unisex,Tobillera,Deportivo, $206.00 ,NAS 201,Active Support
Tobillera Neopreno Abierta,Tobillera abierta de neopreno,Ankle Support Neoprene,7311,XL,Unisex,Tobillera,Deportivo, $196.00 ,NAS 204,Active Support
Tobillera Neopreno Abierta,Tobillera abierta de neopreno,Ankle Support Neoprene,7311,XL,Unisex,Tobillera,Deportivo, $221.00 ,NAS 204,Active Support
Tobillera Neopreno Abierta,Tobillera abierta de neopreno,Ankle Support Neoprene,7311,XL,Unisex,Tobillera,Deportivo, $253.00 ,NAS 204,Active Support
Tobillera Neopreno Abierta,Tobillera abierta de neopreno,Ankle Support Neoprene,7311,XL,Unisex,Tobillera,Deportivo, $253.00 ,NAS 204,Active Support
Tobillera Elástica Cerrada,Tobillera Sport,Elastic Ankle Support,11630,S,Unisex,Tobillera,Deportivo, $129.00 ,AK-003,Super confort
Tobillera Elástica Cerrada,Tobillera Sport,Elastic Ankle Support,11630,L,Unisex,Tobillera,Deportivo, $120.00 ,AK-003,Super confort
Tobillera Elástica 2 Vía Talon Abierto,Tobillera Elastica 2 vías,Way Elastic Ankle Support Open Heel,9494,L,Unisex,Tobillera,Deportivo, $150.00 ,AK006US,KXMedical
Tobillera Elástica Cerrada,Tobillera Sport,Elastic Ankle Support,11630,S,Unisex,Tobillera,Deportivo, $129.00 ,AK-003,Super confort
Ferula de Muñeca y antebrazo,Ferula para Muñeca y antebrazo,Forearm/Wrist Brace,12059,S,Unisex,Muñequera,Rehabilitación, $388.00 ,WT-014L,Super Confort
Ferula de Muñeca y antebrazo,Ferula para Muñeca y antebrazo,Forearm/Wrist Brace,12059,M,Unisex,Muñequera,Rehabilitación, $388.00 ,WT-014L,Super Confort
Ferula de Muñeca y antebrazo,Ferula para Muñeca y antebrazo,Forearm/Wrist Brace,12059,L,Unisex,Muñequera,Rehabilitación, $388.00 ,WT-014L,Super Confort
Soporte para codo,Soporte para codo,Neoprene Elbow Support,11072,A,Unisex,Codera,Rehabilitación, $275.00 ,EB-009,Super Confort
Soporte para codo,Soporte para codo,Neoprene Elbow Support,11072,A,Unisex,Codera,Rehabilitación, $275.00 ,EB-009,Super Confort
Codera almohadilla para codo,Codera acolchada,Elbow Pad,F,XL,Unisex,Codera,Deportivo, $418.00 ,F,Coolprene
Faja Corta Post Parto y Post Cirugia,Faja Corta Post Parto y Post Cirugia,Short Abdominal Binder – Postpartum & Post-Surgery,11090,M,Dama,Faja,Rehabilitación, $335.00 ,713,Body Secret
Faja Corta Post Parto y Post Cirugia,Faja Corta Post Parto y Post Cirugia,Short Abdominal Binder – Postpartum & Post-Surgery,11089,S,Dama,Faja,Rehabilitación, $335.00 ,713,Body Secret
Soporte para hombro con magnetico,Soporte Hombro,Magntic Shoulder Support,11561,S,Unisex,Hombrera,Rehabilitación, $334.50 ,F,Super Confort
Soporte para hombro con magnetico,Soporte Hombro,Magntic Shoulder Support,11561,M,Unisex,Hombrera,Rehabilitación, $334.50 ,F,Super Confort
Soporte para hombro con magnetico,Soporte Hombro,Magntic Shoulder Support,11561,G,Unisex,Hombrera,Rehabilitación, $334.50 ,F,Super Confort
Soporte para hombro con magnetico,Soporte Hombro,Magntic Shoulder Support,11561,G,Unisex,Hombrera,Rehabilitación, $334.50 ,F,Super Confort
Soporte para muñeca elastico,Soporte para muñeca,Elastic Wrist Support,F,A,Unisex,Muñequera,Deportivo/Rehabilitación, F ,WT-002,Super Confort
Correa para codo de Tenista,Soporte para muñeca,Elastic Wrist Support,F,A,Unisex,Muñequera,Deportivo, F ,EB-003,Super Confort
Correa para codo de Tenista,Soporte para muñeca,Elastic Wrist Support,F,A,Unisex,Muñequera,Deportivo/Rehabilitación, F ,EB-003,Super Confort
Correa para codo de Tenista,Soporte para muñeca,Elastic Wrist Support,F,A,Unisex,Muñequera,Deportivo/Rehabilitación, F ,EB-003,Super Confort
Correa para codo de Tenista,Soporte para muñeca,Elastic Wrist Support,F,A,Unisex,Muñequera,Deportivo/Rehabilitación, F ,EB-003,Super Confort
Inmovilizador de pulgar ,Inmovilizador de pulgar ,Thumb immobilizer,F,A,Unisex,Pulgar,Rehabilitación, f ,SQ1-H018,Senteq
Codera de Neopreno Simple,Codera de Neopreno Simple,,9488,A,Unisex,Codera,Rehabilitación, $113.00 ,,
Separador de dedos,,,,,,,,,,
Soporte para codo,Codera,Neoprene Elbow Support,4919,S,Unisex,Codera,Rehabilitación, $215.00 ,NA,Unidad Ortopedica
Soporte para codo,Codera,Neoprene Elbow Support,4919,S,Unisex,Codera,Rehabilitación, $149.00 ,NA,Unidad Ortopedica
Soporte para codo,Codera,Neoprene Elbow Support,4919,S,Unisex,Codera,Rehabilitación, $149.00 ,NA,Unidad Ortopedica
Inmovilizador de Dedos y Mano,Inmovilizador de dedos,Finger and Hand Inmobilizer,F,A,Unisex,Inmovilizador,Rehabilitación, F ,F,Super Confort
Inmovilizador de pulgar ,Ferula para pulgar corto,Thumb Support,11212,A,Unisex,Ferula,Rehabilitación, $256.00 ,F,Super Confort
Muñequera con bara estabilizadora,Muñequera Universal,Neoprene Wrist Brace,11632,A,Unisex,Muñequera,Rehabilitación, $387.50 ,WT-010,Super Confort
Muñequera con bara estabilizadora,Muñequera Universal,Neoprene Wrist Brace,11632,A,Unisex,Muñequera,Rehabilitación, $387.50 ,WT-010,Super Confort
Muñequera con bara estabilizadora,Muñequera Universal,Neoprene Wrist Brace,11632,A,Unisex,Muñequera,Rehabilitación, $387.50 ,WT-010,Super Confort
Muñequera con bara estabilizadora,Muñequera Universal,Neoprene Wrist Brace,11632,A,Unisex,Muñequera,Rehabilitación, $387.50 ,WT-010,Super Confort
Muñequera con bara estabilizadora,Muñequera Universal,Neoprene Wrist Brace,11632,A,Unisex,Muñequera,Rehabilitación, $387.50 ,WT-010,Super Confort
Muñequera con bara estabilizadora,Muñequera Universal,Neoprene Wrist Brace,11632,A,Unisex,Muñequera,Rehabilitación, $387.50 ,WT-010,Super Confort
Muñequera con bara estabilizadora,Muñequera Universal,Neoprene Wrist Brace,11632,A,Unisex,Muñequera,Rehabilitación, $387.50 ,WT-010,Super Confort
Muñequera con bara estabilizadora,Muñequera Universal,Neoprene Wrist Brace,11632,A,Unisex,Muñequera,Rehabilitación, $387.50 ,WT-010,Super Confort
Fijación ambidiestra de muñeca,Tabilla Elastica,Writ Spin Ambidiestral,11408,A,Unisex,Muñequera,Rehabilitación, $583.00 ,E-49,Tynor
Fijación ambidiestra de muñeca,Tabilla Elastica,Writ Spin Ambidiestral,11408,A,Unisex,Muñequera,Rehabilitación, $583.00 ,E-49,Tynor
Fijación ambidiestra de muñeca,Tabilla Elastica,Writ Spin Ambidiestral,11408,A,Unisex,Muñequera,Rehabilitación, $583.00 ,E-49,Tynor
Estabilizador de dedo con compresa frio/calor,Estabilizador de dedo,,11872,M,Unisex,Ferula,Rehabilitación, $386.00 ,SQ1-H033,Senteq
Estabilizador de dedo con compresa frio/calor,Estabilizador de dedo,,11872,M,Unisex,Ferula,Rehabilitación, $386.00 ,SQ1-H033,Senteq
Estabilizador de dedo con compresa frio/calor,Estabilizador de dedo,,11872,M,Unisex,Ferula,Rehabilitación, $386.00 ,SQ1-H033,Senteq
Estabilizador de dedo con compresa frio/calor,Estabilizador de dedo,,11872,M,Unisex,Ferula,Rehabilitación, $386.00 ,SQ1-H033,Senteq
Estabilizador de dedo con compresa frio/calor,Estabilizador de dedo,,11872,M,Unisex,Ferula,Rehabilitación, $386.00 ,SQ1-H033,Senteq
Estabilizador de dedo con compresa frio/calor,Estabilizador de dedo,,11872,M,Unisex,Ferula,Rehabilitación, $386.00 ,SQ1-H033,Senteq
Tablilla de Pulgar Spica,Ferula para pulgar corto,Thumb Spica Splint,9263,A,Unisex,Ferula,Rehabilitación, $382.00 ,F-06,Tynor
Tablilla de Pulgar Spica,Ferula para pulgar corto,Thumb Spica Splint,9263,A,Unisex,Ferula,Rehabilitación, $382.00 ,F-06,Tynor
Tablilla de Pulgar Spica,Ferula para pulgar corto,Thumb Spica Splint,9263,A,Unisex,Ferula,Rehabilitación, $382.00 ,F-06,Tynor
Muñequera estabilizadora,Muñequera con varilla,Wrist Brace,11632,M,Unisex,Muñequera,Rehabilitación, $387.00 ,WT-044,Super Confort
Muñequera estabilizadora,Muñequera con varilla,Wrist Brace,11633,L,Unisex,Muñequera,Rehabilitación, $387.00 ,WT-044,Super Confort
Muñequera estabilizadora,Muñequera con varilla,Wrist Brace,11633,XL,Unisex,Muñequera,Rehabilitación, $387.00 ,WT-044,Super Confort
Tablilla de Pulgar Spica,Ferula para pulgar,Thumb Spica Splint,9263,A,Unisex,Ferula,Rehabilitación, $377.50 ,F-06,Tynor
Tablilla de Pulgar Spica,Ferula para pulgar,Thumb Spica Splint,9263,A,Unisex,Ferula,Rehabilitación, $377.50 ,F-06,Tynor
Tablilla de Pulgar Spica,Ferula para pulgar,Thumb Spica Splint,9263,A,Unisex,Ferula,Rehabilitación, $377.50 ,F-06,Tynor
Tablilla de Pulgar Spica,Ferula para pulgar,Thumb Spica Splint,9263,A,Unisex,Ferula,Rehabilitación, $377.50 ,F-06,Tynor
Tablilla de Pulgar Spica,Ferula para pulgar,Thumb Spica Splint,9263,A,Unisex,Ferula,Rehabilitación, $377.50 ,F-06,Tynor
Ejercitador de manos y dedos,Ejercitafor de manos y dedos,,F,NA,Unisex,Ejercitador,Rehabilitación, F ,F,TurkiMex
Ejercitador de manos y dedos,Ejercitafor de manos y dedos,,F,NA,Unisex,Ejercitador,Rehabilitación, F ,F,TurkiMex
Ejercitador de manos y dedos,Ejercitafor de manos y dedos,,F,NA,Unisex,Ejercitador,Rehabilitación, F ,F,TurkiMex
Ejercitador de manos y dedos,Ejercitador de manos y dedos,,F,NA,Unisex,Ejercitador,Rehabilitación, F ,F,TurkiMex
Soporte Elastico para Muñeca Derecha,Soporte Elastico para Muñeca Derecha,,5563,XL,Unisex,Muñequera,rehabilitación, $169.00 ,SMB-1,Soportes Ortopedicos
Soporte Elastico para Muñeca Derecha,Soporte Elastico para Muñeca Derecha,,5563,XL,Unisex,Muñequera,rehabilitación, $169.00 ,SMB-1,Soportes Ortopedicos
Soporte Elastico para Muñeca Derecha,Soporte Elastico para Muñeca Derecha,,5563,XL,Unisex,Muñequera,rehabilitación, $169.00 ,SMB-1,Soportes Ortopedicos
Ferula Larga para pulgar,Ferula para pulgarr largo,Thumb Support,11080,A,Unisex,Ferula,Rehabilitación, $305.00 ,FG-017,Super Confort
Ferula Larga para pulgar,Ferula para pulgarr largo,Thumb Support,11080,A,Unisex,Ferula,Rehabilitación, $305.00 ,FG-017,Super Confort
Ferula Larga para pulgar,Ferula para pulgarr largo,Thumb Support,11080,A,Unisex,Ferula,Rehabilitación, $305.00 ,FG-017,Super Confort
Alineador para dedo en Garra,Dedo en Garra,Hammertoes,11611,U,Unisex,Alineador,Rehabilitación, $133.00 ,NA,BioGel
Spreader con Anillo,Spreader con Anillo,Ring Spreader,,U,Unisex,Alineador,Rehabilitación, F ,F,BioGel
Alineador para dedo en Garra,Dedo en Garra,Hammertoes,11611,U,Unisex,Alineador,Rehabilitación, $133.00 ,NA,BioGel
Alineador para dedo en Garra,Dedo en Garra,Hammertoes,11611,U,Unisex,Alineador,Rehabilitación, $133.00 ,NA,BioGel
Alineador para dedo en Garra,Dedo en Garra,Hammertoes,11611,U,Unisex,Alineador,Rehabilitación, $133.00 ,NA,BioGel
Corrector para dedos en garra,Corrector para dedos en garra,Hammertoes,,U,Unisex,Alineador,Rehabilitación, F ,F,Ortopod
Muñequera,Muñequera Power Zone,Wrist Brace,293,M,Unisex,Muñequera,Rehabilitación, $100.00 ,LOE-293,Globe Medica Internacional
Talonera,Talonera,,F,U,Unisex,Talonera,Rehabilitación, F ,F,BioGel
Talonera,Talonera,,F,U,Unisex,Talonera,Rehabilitación, F ,F,BioGel
Talonera,Talonera,,F,U,Unisex,Talonera,Rehabilitación, F ,F,BioGel
Talonera,Talonera,,F,U,Unisex,Talonera,Rehabilitación, F ,F,BioGel
Talonera,Talonera,,F,U,Unisex,Talonera,Rehabilitación, F ,F,BioGel
Talonera,Talonera,,F,U,Unisex,Talonera,Rehabilitación, F ,F,BioGel
Talonera,Talonera,,F,U,Unisex,Talonera,Rehabilitación, F ,F,BioGel
Ferula Tunel de Carpo,Ferula Tunel de carpo,,9336,U,Unisex,Ferula,Rehabilitación, F ,F,Active-Pro
Alineador para dedo en Garra,Dedo en Garra,Hammertoes,11611,U,Unisex,Alineador,Rehabilitación, $133.00 ,NA,BioGel
Alineador para dedo en Garra,Dedo en Garra,Hammertoes,11611,U,Unisex,Alineador,Rehabilitación, $133.00 ,NA,BioGel
Alineador para dedo en Garra en martillo,Dedo en Garra,Toe Crest,F,U,Unisex,Alineador,Rehabilitación, F ,F,StepONE
Alineador para dedo en Garra en martillo,Dedo en Garra,,F,U,Unisex,Alineador,Rehabilitación, F ,F,StepONE
Alineador para dedo en Garra en martillo,Dedo en Garra,,F,U,Unisex,Alineador,Rehabilitación, F ,F,StepONE
Separador interdigital doble anillo,Separador de dedos anillo doble, Toe Spreaders,F,U,Unisex,Separador,Rehabilitación, F ,F,BioGel
Separador de dedos de Gel,Separador de dedos de gel,Gel Toe Spreaders,6220,L,Unisex,Separador,Rehabilitación, $151.00 ,3022-L,Maxipie
Separador de dedos de Gel,Separador de dedos de gel,Gel Toe Spreaders,6220,M,Unisex,Separador,Rehabilitación, $151.00 ,3022-M,Maxipie
Separador de dedos de Gel,Separador de dedos de gel,Gel Toe Spreaders,6220,L,Unisex,Separador,Rehabilitación, $151.00 ,LOE-293,Maxipie
Separador de dedos de Gel,Separador de dedos de gel,Gel Toe Spreaders,6220,M,Unisex,Separador,Rehabilitación, $151.00 ,3022-M,Maxipie
Separador de dedos de Gel,Separador de dedos de gel,Gel Toe Spreaders,6220,M,Unisex,Separador,Rehabilitación, $151.00 ,3022-M,Maxipie
Separador de dedos de Gel,Separador de dedos de gel,Gel Toe Spreaders,6220,S,Unisex,Separador,Rehabilitación, $151.00 ,3022-M,Maxipie
Separador de dedos de Gel,Separador de dedos de gel,Gel Toe Spreaders,6220,M,Unisex,Separador,Rehabilitación, $151.00 ,3022-M,Maxipie
Separador de dedos de Gel,Separador de dedos de gel,Gel Toe Spreaders,6220,S,Unisex,Separador,Rehabilitación, $151.00 ,3022-M,Maxipie
Separador de dedos de Gel,Separador de dedos de gel,Gel Toe Spreaders,6220,M,Unisex,Separador,Rehabilitación, $151.00 ,3022-M,Maxipie
Separador de dedos de Gel,Separador de dedos de gel,Gel Toe Spreaders,6220,S,Unisex,Separador,Rehabilitación, $151.00 ,3022-M,Maxipie
Separador de dedos de Gel,Separador de dedos de gel,Gel Toe Spreaders,6220,L,Unisex,Separador,Rehabilitación, $151.00 ,3022-L,Maxipie
Spreader con Anillo,Separador con anillo,Toe Ring spreader,,U,Unisex,Separador,Rehabilitación,,,BioGel
Spreader con Anillo,Separador con anillo,Toe Ring spreader,,U,Unisex,Separador,Rehabilitación,,,BioGel
Spreader con Anillo,Separador con anillo,Toe Ring spreader,,U,Unisex,Separador,Rehabilitación,,,BioGel
Spreader con Anillo,Separador con anillo,Toe Ring spreader,11609,L,Unisex,Separador,Rehabilitación, $128.00 ,NA,BioGel
Plantilla Deportiva,Plantilla de deportiva,,,,,,,,,
